-- Adminer 4.7.8 MySQL dump

SET NAMES utf8;
SET time_zone = '+00:00';
SET foreign_key_checks = 0;
SET sql_mode = 'NO_AUTO_VALUE_ON_ZERO';

SET NAMES utf8mb4;

DROP TABLE IF EXISTS `department`;
CREATE TABLE `department` (
  `id` int NOT NULL AUTO_INCREMENT,
  `name` varchar(64) COLLATE utf8mb4_unicode_ci NOT NULL,
  `postalcode` varchar(7) COLLATE utf8mb4_unicode_ci NOT NULL,
  `created_at` datetime NOT NULL,
  `updated_at` datetime DEFAULT NULL,
  PRIMARY KEY (`id`),
  UNIQUE KEY `UNIQ_CD1DE18A5E237E06` (`name`),
  UNIQUE KEY `UNIQ_CD1DE18A65DA68E7` (`postalcode`)
) ENGINE=InnoDB DEFAULT CHARSET=utf8mb4 COLLATE=utf8mb4_unicode_ci;

INSERT INTO `department` (`id`, `name`, `postalcode`, `created_at`, `updated_at`) VALUES
(1,	'Ain',	'01',	'2021-03-30 07:20:33',	NULL),
(2,	'Aisne',	'02',	'2021-03-30 07:20:33',	NULL),
(3,	'Allier',	'03',	'2021-03-30 07:20:33',	NULL),
(4,	'Alpes de Haute Provence',	'04',	'2021-03-30 07:20:33',	NULL),
(5,	'Hautes Alpes',	'05',	'2021-03-30 07:20:33',	NULL),
(6,	'Alpes Maritimes',	'06',	'2021-03-30 07:20:33',	NULL),
(7,	'Ardèche',	'07',	'2021-03-30 07:20:33',	NULL),
(8,	'Ardennes',	'08',	'2021-03-30 07:20:33',	NULL),
(9,	'Ariége',	'09',	'2021-03-30 07:20:33',	NULL),
(10,	'Aube',	'10',	'2021-03-30 07:20:33',	NULL),
(11,	'Aude',	'11',	'2021-03-30 07:20:33',	NULL),
(12,	'Averyon',	'12',	'2021-03-30 07:20:33',	NULL),
(13,	'Bouche du Rhône',	'13',	'2021-03-30 07:20:33',	NULL),
(14,	'Calvados',	'14',	'2021-03-30 07:20:33',	NULL),
(15,	'Cantal',	'15',	'2021-03-30 07:20:33',	NULL),
(16,	'Charente',	'16',	'2021-03-30 07:20:33',	NULL),
(17,	'Charente Maritime',	'17',	'2021-03-30 07:20:33',	NULL),
(18,	'Cher',	'18',	'2021-03-30 07:20:33',	NULL),
(19,	'Corrèze',	'19',	'2021-03-30 07:20:33',	NULL),
(20,	'Corse du Sud',	'2a',	'2021-03-30 07:20:33',	NULL),
(21,	'Haute Corse',	'2b',	'2021-03-30 07:20:33',	NULL),
(22,	'Côte d\'Or',	'21',	'2021-03-30 07:20:33',	NULL),
(23,	'Côtes d\'Armor',	'22',	'2021-03-30 07:20:33',	NULL),
(24,	'Creuse',	'23',	'2021-03-30 07:20:33',	NULL),
(25,	'Dordogne',	'24',	'2021-03-30 07:20:33',	NULL),
(26,	'Doubs',	'25',	'2021-03-30 07:20:33',	NULL),
(27,	'Drôme',	'26',	'2021-03-30 07:20:33',	NULL),
(28,	'Eure',	'27',	'2021-03-30 07:20:33',	NULL),
(29,	'Eure et Loire',	'28',	'2021-03-30 07:20:33',	NULL),
(30,	'Finistère',	'29',	'2021-03-30 07:20:33',	NULL),
(31,	'Gard',	'30',	'2021-03-30 07:20:33',	NULL),
(32,	'Haute Garonne',	'31',	'2021-03-30 07:20:33',	NULL),
(33,	'Gers',	'32',	'2021-03-30 07:20:33',	NULL),
(34,	'Gironde',	'33',	'2021-03-30 07:20:33',	NULL),
(35,	'Herault',	'34',	'2021-03-30 07:20:33',	NULL),
(36,	'Ille et Vilaine',	'35',	'2021-03-30 07:20:33',	NULL),
(37,	'Indre',	'36',	'2021-03-30 07:20:33',	NULL),
(38,	'Indre et Loire',	'37',	'2021-03-30 07:20:33',	NULL),
(39,	'Isère',	'38',	'2021-03-30 07:20:33',	NULL),
(40,	'Jura',	'39',	'2021-03-30 07:20:33',	NULL),
(41,	'Landes',	'40',	'2021-03-30 07:20:33',	NULL),
(42,	'Loir et Cher',	'41',	'2021-03-30 07:20:33',	NULL),
(43,	'Loire',	'42',	'2021-03-30 07:20:33',	NULL),
(44,	'Haute Loire',	'43',	'2021-03-30 07:20:33',	NULL),
(45,	'Loire Atlantique',	'44',	'2021-03-30 07:20:33',	NULL),
(46,	'Loiret',	'45',	'2021-03-30 07:20:33',	NULL),
(47,	'Lot',	'46',	'2021-03-30 07:20:33',	NULL),
(48,	'Lot et Garonne',	'47',	'2021-03-30 07:20:33',	NULL),
(49,	'Lozère',	'48',	'2021-03-30 07:20:33',	NULL),
(50,	'Maine et Loire',	'49',	'2021-03-30 07:20:33',	NULL),
(51,	'Manche',	'50',	'2021-03-30 07:20:33',	NULL),
(52,	'Marne',	'51',	'2021-03-30 07:20:33',	NULL),
(53,	'Haute Marne',	'52',	'2021-03-30 07:20:33',	NULL),
(54,	'Mayenne',	'53',	'2021-03-30 07:20:33',	NULL),
(55,	'Meurthe et Moselle',	'54',	'2021-03-30 07:20:33',	NULL),
(56,	'Meuse',	'55',	'2021-03-30 07:20:33',	NULL),
(57,	'Morbihan',	'56',	'2021-03-30 07:20:33',	NULL),
(58,	'Moselle',	'57',	'2021-03-30 07:20:33',	NULL),
(59,	'Nièvre',	'58',	'2021-03-30 07:20:33',	NULL),
(60,	'Nord',	'59',	'2021-03-30 07:20:33',	NULL),
(61,	'Oise',	'60',	'2021-03-30 07:20:33',	NULL),
(62,	'Orne',	'61',	'2021-03-30 07:20:33',	NULL),
(63,	'Pas de Calais',	'62',	'2021-03-30 07:20:33',	NULL),
(64,	'Puy de Dôme',	'63',	'2021-03-30 07:20:33',	NULL),
(65,	'Pyrenées Atlantiques',	'64',	'2021-03-30 07:20:33',	NULL),
(66,	'Hautes Pyrenées',	'65',	'2021-03-30 07:20:33',	NULL),
(67,	'Pyrenées orientales',	'66',	'2021-03-30 07:20:33',	NULL),
(68,	'Bas Rhin',	'67',	'2021-03-30 07:20:33',	NULL),
(69,	'Haut Rhin',	'68',	'2021-03-30 07:20:33',	NULL),
(70,	'Rhône',	'69',	'2021-03-30 07:20:33',	NULL),
(71,	'Haute Saône',	'70',	'2021-03-30 07:20:33',	NULL),
(72,	'Saône et Loire',	'71',	'2021-03-30 07:20:33',	NULL),
(73,	'Sarthe',	'72',	'2021-03-30 07:20:33',	NULL),
(74,	'Savoie',	'73',	'2021-03-30 07:20:33',	NULL),
(75,	'Haute Savoie',	'74',	'2021-03-30 07:20:33',	NULL),
(76,	'Paris',	'75',	'2021-03-30 07:20:33',	NULL),
(77,	'Seine Maritime',	'76',	'2021-03-30 07:20:33',	NULL),
(78,	'Seine et Marne',	'77',	'2021-03-30 07:20:33',	NULL),
(79,	'Yvelines',	'78',	'2021-03-30 07:20:33',	NULL),
(80,	'Deux Sèvres',	'79',	'2021-03-30 07:20:33',	NULL),
(81,	'Somme',	'80',	'2021-03-30 07:20:33',	NULL),
(82,	'Tarn',	'81',	'2021-03-30 07:20:33',	NULL),
(83,	'Tarn et Garonne',	'82',	'2021-03-30 07:20:33',	NULL),
(84,	'Var',	'83',	'2021-03-30 07:20:33',	NULL),
(85,	'Vaucluse',	'84',	'2021-03-30 07:20:33',	NULL),
(86,	'Vendée',	'85',	'2021-03-30 07:20:33',	NULL),
(87,	'Vienne',	'86',	'2021-03-30 07:20:33',	NULL),
(88,	'Haute Vienne',	'87',	'2021-03-30 07:20:33',	NULL),
(89,	'Vosges',	'88',	'2021-03-30 07:20:33',	NULL),
(90,	'Yonne',	'89',	'2021-03-30 07:20:33',	NULL),
(91,	'Territoire de Belfort',	'90',	'2021-03-30 07:20:33',	NULL),
(92,	'Essonne',	'91',	'2021-03-30 07:20:33',	NULL),
(93,	'Hauts de Seine',	'92',	'2021-03-30 07:20:33',	NULL),
(94,	'Seine Saint Denis',	'93',	'2021-03-30 07:20:33',	NULL),
(95,	'Val de Marne',	'94',	'2021-03-30 07:20:33',	NULL),
(96,	'Val d\'Oise',	'95',	'2021-03-30 07:20:33',	NULL);

DROP TABLE IF EXISTS `doctrine_migration_versions`;
CREATE TABLE `doctrine_migration_versions` (
  `version` varchar(191) COLLATE utf8_unicode_ci NOT NULL,
  `executed_at` datetime DEFAULT NULL,
  `execution_time` int DEFAULT NULL,
  PRIMARY KEY (`version`)
) ENGINE=InnoDB DEFAULT CHARSET=utf8 COLLATE=utf8_unicode_ci;

INSERT INTO `doctrine_migration_versions` (`version`, `executed_at`, `execution_time`) VALUES
('DoctrineMigrations\\Version20210330143903',	'2021-03-30 15:03:05',	207);

DROP TABLE IF EXISTS `image`;
CREATE TABLE `image` (
  `id` int NOT NULL AUTO_INCREMENT,
  `product_id` int NOT NULL,
  `alt` varchar(128) COLLATE utf8mb4_unicode_ci DEFAULT NULL,
  `url` varchar(128) COLLATE utf8mb4_unicode_ci NOT NULL,
  `display_order` smallint unsigned NOT NULL DEFAULT '0',
  `created_at` datetime NOT NULL,
  `updated_at` datetime DEFAULT NULL,
  PRIMARY KEY (`id`),
  KEY `IDX_C53D045F4584665A` (`product_id`),
  CONSTRAINT `FK_C53D045F4584665A` FOREIGN KEY (`product_id`) REFERENCES `product` (`id`)
) ENGINE=InnoDB DEFAULT CHARSET=utf8mb4 COLLATE=utf8mb4_unicode_ci;

INSERT INTO `image` (`id`, `product_id`, `alt`, `url`, `display_order`, `created_at`, `updated_at`) VALUES
(1,	1,	'home cinema next generation',	'soundsgood.jpg',	0,	'2021-03-30 07:20:33',	NULL),
(2,	2,	'platine luxe pour vyniles',	'plati3000.jpg',	0,	'2021-03-30 07:20:33',	NULL),
(3,	3,	'casque-stereophonics-xp50bt',	'whatxp50bt.jpg',	0,	'2021-03-30 07:20:33',	NULL),
(4,	4,	'TV convexe full HD',	'tvsamsoul.jpg',	0,	'2021-03-30 07:20:33',	NULL),
(5,	5,	'lecteur BlueRay full hd',	'rogfullHD.jpg',	0,	'2021-03-30 07:20:33',	NULL),
(6,	6,	'videoprojecteur-lcd-4k',	'sapix.jpg',	0,	'2021-03-30 07:20:33',	NULL),
(7,	7,	'kobak bridge 16Mp cmos',	'kobak2000.jpg',	0,	'2021-03-30 07:20:33',	NULL),
(8,	8,	'Drone hyper moderne',	'vlodrone.jpg',	0,	'2021-03-30 07:20:33',	NULL),
(9,	9,	'telescope monoculaire grossissement 60mm',	'eyebro40.jpg',	0,	'2021-03-30 07:20:33',	NULL),
(10,	10,	'Microwave - White',	'https://picsum.photos/id/369/400/400',	0,	'2021-03-30 07:20:33',	NULL),
(11,	11,	'Four - Acier',	'https://picsum.photos/id/217/400/400',	0,	'2021-03-30 07:20:33',	NULL),
(12,	12,	'Plaque de cuisine',	'https://picsum.photos/id/1054/400/400',	0,	'2021-03-30 07:20:33',	NULL),
(13,	13,	'Aspirateur de luxe multi-fonction',	'https://picsum.photos/id/343/400/400',	0,	'2021-03-30 07:20:33',	NULL),
(14,	14,	'Lave-linge electronique',	'https://picsum.photos/id/468/400/400',	0,	'2021-03-30 07:20:33',	NULL),
(15,	15,	'robot aspirateur ultra plat',	'https://picsum.photos/id/669/400/400',	0,	'2021-03-30 07:20:33',	NULL),
(16,	16,	'Seche cheveux puissant',	'https://picsum.photos/id/590/400/400',	0,	'2021-03-30 07:20:33',	NULL),
(17,	17,	'Brosse a dent supersonic',	'https://picsum.photos/id/473/400/400',	0,	'2021-03-30 07:20:33',	NULL),
(18,	18,	'kit rasage vintage',	'https://picsum.photos/id/125/400/400',	0,	'2021-03-30 07:20:33',	NULL),
(19,	19,	'tomates fraiches',	'https://picsum.photos/id/1023/400/400',	0,	'2021-03-30 07:20:33',	NULL),
(20,	20,	'orange a jus',	'https://picsum.photos/id/590/400/400',	0,	'2021-03-30 07:20:33',	NULL),
(21,	21,	'banane de france',	'https://picsum.photos/id/146/400/400',	0,	'2021-03-30 07:20:33',	NULL),
(22,	22,	'jambon cuit au bouillon',	'https://picsum.photos/id/823/400/400',	0,	'2021-03-30 07:20:33',	NULL),
(23,	23,	'filets de poulet',	'https://picsum.photos/id/22/400/400',	0,	'2021-03-30 07:20:33',	NULL),
(24,	24,	'epaule de poisson',	'https://picsum.photos/id/650/400/400',	0,	'2021-03-30 07:20:33',	NULL),
(25,	25,	'trapu gros grain petits pois',	'https://picsum.photos/id/549/400/400',	0,	'2021-03-30 07:20:33',	NULL),
(26,	26,	'cereales du petit dejeuner',	'https://picsum.photos/id/945/400/400',	0,	'2021-03-30 07:20:33',	NULL),
(27,	27,	'farine fluide T45',	'https://picsum.photos/id/32/400/400',	0,	'2021-03-30 07:20:33',	NULL),
(28,	28,	'canape angle quatre places',	'https://picsum.photos/id/418/400/400',	0,	'2021-03-30 07:20:33',	NULL),
(29,	29,	'chaises de salle a manger furnifuture',	'https://picsum.photos/id/467/400/400',	0,	'2021-03-30 07:20:33',	NULL),
(30,	30,	'tapis chic tapis',	'https://picsum.photos/id/268/400/400',	0,	'2021-03-30 07:20:33',	NULL),
(31,	31,	'lit adulte avec rangements',	'https://picsum.photos/id/793/400/400',	0,	'2021-03-30 07:20:33',	NULL),
(32,	32,	'Armoire allemande de qualite',	'https://picsum.photos/id/518/400/400',	0,	'2021-03-30 07:20:33',	NULL),
(33,	33,	'lit enfant solide',	'https://picsum.photos/id/929/400/400',	0,	'2021-03-30 07:20:33',	NULL),
(34,	34,	'chaise de bureau robuste et durable',	'https://picsum.photos/id/418/400/400',	0,	'2021-03-30 07:20:33',	NULL),
(35,	35,	'bureau grand luxe de travail maison',	'https://picsum.photos/id/200/400/400',	0,	'2021-03-30 07:20:33',	NULL),
(36,	36,	'lampe bureau',	'https://picsum.photos/id/668/400/400',	0,	'2021-03-30 07:20:33',	NULL),
(37,	37,	'chemise oversize',	'https://picsum.photos/id/833/400/400',	0,	'2021-03-30 07:20:33',	NULL),
(38,	38,	'robe ver a soi pour elle',	'https://picsum.photos/id/82/400/400',	0,	'2021-03-30 07:20:33',	NULL),
(39,	39,	'pull-coolusion-ras-cou',	'https://picsum.photos/id/1037/400/400',	0,	'2021-03-30 07:20:33',	NULL),
(40,	40,	'chaussure blanche et neuves homme',	'https://picsum.photos/id/50/400/400',	0,	'2021-03-30 07:20:33',	NULL),
(41,	41,	'chaussure blanche et neuves femme',	'https://picsum.photos/id/176/400/400',	0,	'2021-03-30 07:20:33',	NULL),
(42,	42,	'tongs banales unisexe',	'https://picsum.photos/id/584/400/400',	0,	'2021-03-30 07:20:33',	NULL),
(43,	43,	'tote bag en coton',	'https://picsum.photos/id/579/400/400',	0,	'2021-03-30 07:20:33',	NULL),
(44,	44,	'chapeau chapy chapo',	'https://picsum.photos/id/634/400/400',	0,	'2021-03-30 07:20:33',	NULL),
(45,	45,	'canne de marche tripode',	'https://picsum.photos/id/779/400/400',	0,	'2021-03-30 07:20:33',	NULL),
(46,	46,	'Odio omnis doloremque possimus eveniet cumque dolorum maxime.',	'https://picsum.photos/id/719/400/400',	0,	'2021-03-30 07:20:33',	NULL),
(47,	47,	'Non qui voluptatem eos deserunt dicta dolores dolore.',	'https://picsum.photos/id/622/400/400',	0,	'2021-03-30 07:20:33',	NULL),
(48,	48,	'Quia pariatur omnis necessitatibus maiores voluptatum praesentium id.',	'https://picsum.photos/id/883/400/400',	0,	'2021-03-30 07:20:33',	NULL),
(49,	49,	'Sequi dolorum voluptatum quia labore fuga non hic quaerat.',	'https://picsum.photos/id/330/400/400',	0,	'2021-03-30 07:20:33',	NULL),
(50,	50,	'Nostrum repellat et et consequuntur id ut corrupti.',	'https://picsum.photos/id/368/400/400',	0,	'2021-03-30 07:20:33',	NULL);

DROP TABLE IF EXISTS `place`;
CREATE TABLE `place` (
  `id` int NOT NULL AUTO_INCREMENT,
  `department_id` int NOT NULL,
  `place_category_id` int NOT NULL,
  `name` varchar(64) COLLATE utf8mb4_unicode_ci NOT NULL,
  `address` varchar(255) COLLATE utf8mb4_unicode_ci NOT NULL,
  `address_complement` varchar(64) COLLATE utf8mb4_unicode_ci DEFAULT NULL,
  `city` varchar(64) COLLATE utf8mb4_unicode_ci NOT NULL,
  `logo` varchar(64) COLLATE utf8mb4_unicode_ci DEFAULT NULL,
  `status` smallint unsigned NOT NULL DEFAULT '1',
  `created_at` datetime NOT NULL,
  `updated_at` datetime DEFAULT NULL,
  `published_at` datetime DEFAULT NULL,
  `url` varchar(620) COLLATE utf8mb4_unicode_ci DEFAULT NULL,
  `content` longtext COLLATE utf8mb4_unicode_ci,
  PRIMARY KEY (`id`),
  KEY `IDX_741D53CDAE80F5DF` (`department_id`),
  KEY `IDX_741D53CD1CB3D546` (`place_category_id`),
  CONSTRAINT `FK_741D53CD1CB3D546` FOREIGN KEY (`place_category_id`) REFERENCES `place_category` (`id`),
  CONSTRAINT `FK_741D53CDAE80F5DF` FOREIGN KEY (`department_id`) REFERENCES `department` (`id`)
) ENGINE=InnoDB DEFAULT CHARSET=utf8mb4 COLLATE=utf8mb4_unicode_ci;

INSERT INTO `place` (`id`, `department_id`, `place_category_id`, `name`, `address`, `address_complement`, `city`, `logo`, `status`, `created_at`, `updated_at`, `published_at`, `url`, `content`) VALUES
(1,	35,	5,	'Andre S.A.R.L.',	'86, chemin Lamy',	'Étage 057',	'Moreau-sur-Colas',	'https://www.gravatar.com/avatar/43452?d=retro&size=80',	0,	'2021-03-30 07:20:33',	NULL,	NULL,	'https://www.youtube.com/watch?v=LEYJ4VsCy7o&ab_channel=Onision',	'efefefefghghgh'),
(2,	36,	1,	'NOUS antigaspi',	'1 rue de Siochan',	NULL,	'Saint-Jouan-des-Guérets',	'dqsdqsdqs.jpg',	0,	'2021-03-30 07:20:33',	NULL,	NULL,	'https://www.nousantigaspi.com/magasins',	'La marque NOUS est une marque engagée, construite en collaboration avec nos fournisseurs.\r\n\r\nSon objectif est de réduire au maximum le gaspillage en prenant en compte les aléas que peuvent rencontrer les producteurs, sans compromettre la qualité des produits.\r\n\r\nDécouvrez sur chacun des produits comment nous travaillons avec les fabricants pour atteindre une production zéro gaspi !'),
(3,	37,	2,	'Communauté Emmaüs - Indre - Déols',	'Allée Abbé Pierre',	'36130',	'Déols',	'https://www.gravatar.com/avatar/15403?d=retro&size=80',	0,	'2021-03-30 07:20:33',	NULL,	NULL,	'https://emmaus-france.org/ou-donner-acheter/',	'Le Mouvement Emmaüs compte aujourd’hui 120 communautés. Elles sont des lieux d’accueil, de vie, d’activité et de solidarité, qui fonctionnent sans aucune subvention et uniquement grâce à la récupération d’objets. Cette autonomie financière leur permet d’être innovantes, et libres de leurs actions. La personne accueillie à la communauté reste le temps qu’elle souhaite, avec pour seule obligation de respecter les règles de vie communes.'),
(4,	76,	2,	'RecycLivre.com',	'7 rue de la Boule rouge',	'75009',	'Paris',	'https://www.gravatar.com/avatar/61048?d=retro&size=80',	0,	'2021-03-30 07:20:33',	NULL,	NULL,	'https://www.recyclivre.com/',	'RecycLivre.com est un site internet de vente de livres d\'occasion original qui crée un lien solidaire entre ses clients et les populations défavorisées. Le destin d\'un livre dont on souhaite se séparer n\'est ni la cave, ni la poubelle jaune, ni la déchetterie.'),
(5,	56,	5,	'Les restos du coeur de la Meuse',	'10 ter avenue du 94ème Régiment',	NULL,	'Bar-le-Duc',	'https://www.gravatar.com/avatar/96683?d=retro&size=80',	0,	'2021-03-30 07:20:33',	NULL,	NULL,	'https://www.restosducoeur.org/',	'En 1985 était lancée la première campagne des Restos du Cœur et 8,5 millions de repas avaient été distribués. 35 ans plus tard, les besoins des personnes démunies sont toujours là et les 73 000 bénévoles des Restos se mobilisent toute l’année pour y répondre, au sein des 1 915 centres que comporte l’association. Lors de la dernière campagne, ce sont 136,5 millions de repas équilibrés* qui ont été distribués par l’association à 875 000 personnes accueillies (2019-2020).'),
(6,	68,	2,	'Envie ERG Strasbourg',	'6 rue Herrade',	'67200',	'Strasbourg',	'https://www.gravatar.com/avatar/31519?d=retro&size=80',	0,	'2021-03-30 07:20:33',	NULL,	NULL,	'https://strasbourg.envie.org/',	'Les entreprises du réseau Envie œuvrent à une société plus inclusive, plus solidaire et plus soucieuse de son environnement.'),
(7,	76,	6,	'Defi - rien de neuf',	'3 rue Charles Nodier',	'75018',	'Paris',	'https://www.gravatar.com/avatar/37951?d=retro&size=80',	0,	'2021-03-30 07:20:33',	NULL,	NULL,	'https://riendeneuf.org/',	'En consommant moins de neuf, on réduit son impact négatif sur la planète : extraction des ressources, transport intercontinental, consommation d’énergie… L’objectif du Défi c’est donc de changer de réflexes en préférant tant que possible l’achat ou l’utilisation d’objets déjà en circulation. Une démarche positive pour la planète et certainement aussi pour votre porte-monnaie.'),
(8,	40,	3,	'Le Potiron - le bonheur est dans le potager',	'6 Rue de la Cité des Forges',	'39700',	'Fraisans',	'https://www.gravatar.com/avatar/74530?d=retro&size=80',	0,	'2021-03-30 07:20:33',	NULL,	NULL,	'https://www.lepotiron.fr/jardins/jura/le-bonheur-est-dans-le-potager',	'www.lepotiron.fr met en relation les particuliers (jardinier ou pas) et les jardiniers (amateurs ou professionnels) qui veulent proposer leur surplus de jardin.\r\n\r\nwww.lepotiron.fr c’est s’approvisionner en produits frais de la région, faire des économies et bien manger.'),
(9,	76,	5,	'MyTroc.fr',	'55 rue Greneta',	'75002',	'Paris',	'https://www.gravatar.com/avatar/56311?d=retro&size=80',	0,	'2021-03-30 07:20:33',	NULL,	NULL,	'https://mytroc.fr/',	'Pour les amateurs de bons plans, du système D, pour tous les écolos et pour tous ceux qui ont envie de consommer autrement, consommer responsable, MyTroc est un moyen simple et inédit de prêter et d\'échanger en ligne des biens et des services.\r\n\r\nCe que nous voulons c\'est réduire la surconsommation, faire des économies, et développer la solidarité et le partage en adaptant le troc au monde d\'aujourd\'hui.\r\n\r\nMyTroc c\'est une chaine humaine, un réseau social, une communauté, un monde d\'échange et d\'entraide pour améliorer son quotidien.'),
(10,	21,	4,	'S.E.L.F.I - L’Operata',	'Rdc Caserne Padoue (en face du Musée de la Corse)',	'2B096',	'Corte',	'https://www.gravatar.com/avatar/44072?d=retro&size=80',	0,	'2021-03-30 07:20:33',	NULL,	NULL,	'https://www.youtube.com/watch?v=LEYJ4VsCy7o&ab_channel=Onision',	'Le 1er Système d’Echange Local Familial et Intergénérationnel du Centre Corse permet de développer la solidarité et l’entraide mais aussi de lutter contre la surconsommation et permettre l’accès de tous aux biens et services.'),
(11,	89,	4,	'Epinal en transition',	'985 rue d’Épinal',	'88390',	'Darnieulles',	'https://www.gravatar.com/avatar/54094?d=retro&size=80',	0,	'2021-03-30 07:20:33',	NULL,	NULL,	'https://epinal-en-transition.fr/',	'Épinal en Transition regroupe des habitants d’Épinal et alentours qui mènent des projets citoyens concrets, locaux et conviviaux pour favoriser la transition vers une société écologique, responsable et solidaire.'),
(12,	88,	2,	'Envie ERG Limoge',	'13 Rue Pierre Michaux',	'87280',	'Limoges',	'https://www.gravatar.com/avatar/41044?d=retro&size=80',	0,	'2021-03-30 07:20:33',	NULL,	NULL,	'https://limousin.envie.org/',	'Les structures Envie ERG (Électroménager Rénové Garanti) collectent, rénovent et revendent des équipements électriques et électroniques (gros électroménager, petit électroménager, multimédia, téléphonie…) aux particuliers, aux professionnels et aux collectivités.\r\nLes appareils défectueux collectés sont réparés, nettoyés puis testés avant d’être disponibles dans nos boutiques à un prix accessible (entre 40 et 60% moins cher que l’équipement neuf), avec une garantie au minimum d’un an.'),
(13,	80,	2,	'Ma bull\' de L\'occaz',	'49 Rue de Fontenay',	'79000',	'Niort',	'https://www.gravatar.com/avatar/13296?d=retro&size=80',	0,	'2021-03-30 07:20:33',	NULL,	NULL,	'https://www.facebook.com/Ma-bull-de-Loccaz-381885682644611/',	'Ma bull\' de l\'occaz votre boutique de dépôt vente de vêtements hommes, femmes, enfants, jeux, jouets livres , puériculture ... Un large choix à prix accessible à tous !'),
(14,	41,	5,	'Saint Aubin Coopérations',	'Boulangie de Saint-Aubin voir site internet',	'40250',	'Sait-Aubin',	'https://www.gravatar.com/avatar/49286?d=retro&size=80',	0,	'2021-03-30 07:20:33',	NULL,	NULL,	'https://app.cagette.net/home',	'Association créée dans le but de faire face aux problématiques d\'approvisionnement des produits alimentaires. Producteurs et artisans locaux proposeront des vivres frais et quelques conserves de qualité.'),
(15,	46,	2,	'Communauté  Emmaüs - Orléans',	'1 chemin de l\'Allée',	'45140',	'Ormes',	'https://www.gravatar.com/avatar/63265?d=retro&size=80',	0,	'2021-03-30 07:20:33',	NULL,	NULL,	'https://www.label-emmaus.co/fr/nos-boutiques/communaute-emmaus-orleans-loiret/',	'Les équipes d’Emmaüs Loiret vous accueillent dans leur établissement situé à Ormes.'),
(16,	86,	1,	'AMAP’Yon',	'Chemin Maison de quartier de St André d’Ornay',	'55 chemin Guy Bourrieau - 85000',	'La Roche-sur-Yon',	'https://www.gravatar.com/avatar/14619?d=retro&size=80',	0,	'2021-03-30 07:20:33',	NULL,	NULL,	'http://amapyon.info/',	'Une AMAP s’adresse aux personnes souhaitant consommer des produits de qualité tout en soutenant des producteurs locaux.'),
(17,	91,	5,	'Sam\'Troc',	'16 quai Charles Vallet',	'90000',	'Belfort',	'https://www.gravatar.com/avatar/14501?d=retro&size=80',	0,	'2021-03-30 07:20:33',	NULL,	NULL,	'https://www.google.com/maps/uv?pb=!1s0x47923b603a7d5f6b%3A0x2b95e99288785eb1!3m1!7e115!4shttps%3A%2F%2Flh5.googleusercontent.com%2Fp%2FAF1QipMjfgmIMIwLZ6ZK9-VA-BfrANR0ltIFlndD_KAg%3Dw239-h160-k-no!5ssam%27troc%20belfort%20-%20Recherche%20Google!15sCgIgAQ&imagekey=!1e10!2sAF1QipMjfgmIMIwLZ6ZK9-VA-BfrANR0ltIFlndD_KAg&hl=fr&sa=X&ved=2ahUKEwiriZLxlt_vAhWDxoUKHbySC5gQoiowCnoECBcQAw',	'Sam\'Troc situé à Belfort. Dépôts-ventes vêtements'),
(18,	79,	5,	'Plaisir Troc',	'Passage Paul Langevin',	'78370',	'Plaisir',	'https://www.gravatar.com/avatar/78466?d=retro&size=80',	0,	'2021-03-30 07:20:33',	NULL,	NULL,	'https://www.plaisir-troc.com/',	'Depuis maintenant 23 ans, le dépôt vente Plaisir Troc situé dans les Yvelines vous accueille pour récupérer les vêtements (ainsi que des jouets et de la décoration) dont vous souhaitez vous séparer.'),
(19,	54,	1,	'Ferme - Les Noés',	'Les Noës',	'53470',	'Sacé',	'https://www.gravatar.com/avatar/69818?d=retro&size=80',	0,	'2021-03-30 07:20:33',	NULL,	NULL,	'http://www.noes-legumes.fr',	'Vente de paniers de légumes de saison cultivés en agriculture biologique, au marché de Martigné sur Mayenne.'),
(20,	20,	1,	'Diallo Berthelot et Fils',	'75, place Morvan',	'Bât. 038',	'Mace-les-Bains',	'https://www.gravatar.com/avatar/52428?d=retro&size=80',	0,	'2021-03-30 07:20:33',	NULL,	NULL,	'https://www.youtube.com/watch?v=LEYJ4VsCy7o&ab_channel=Onision',	NULL),
(21,	21,	1,	'Noel SARL',	'6, impasse de Riviere',	'Étage 720',	'Evrard',	'https://www.gravatar.com/avatar/65252?d=retro&size=80',	0,	'2021-03-30 07:20:33',	NULL,	NULL,	'https://www.youtube.com/watch?v=LEYJ4VsCy7o&ab_channel=Onision',	NULL),
(22,	74,	4,	'Evrard',	'46, place de Guichard',	'Chambre 748',	'Hervedan',	'https://www.gravatar.com/avatar/56424?d=retro&size=80',	0,	'2021-03-30 07:20:33',	NULL,	NULL,	'https://www.youtube.com/watch?v=LEYJ4VsCy7o&ab_channel=Onision',	NULL),
(23,	88,	5,	'Francois',	'21, chemin Anaïs Guyot',	'Bât. 163',	'Ollivier-sur-Lebon',	'https://www.gravatar.com/avatar/61057?d=retro&size=80',	0,	'2021-03-30 07:20:33',	NULL,	NULL,	'https://www.youtube.com/watch?v=LEYJ4VsCy7o&ab_channel=Onision',	NULL),
(24,	70,	2,	'Pineau',	'1, impasse de Chevalier',	'Bât. 715',	'Delannoy-sur-Brunel',	'https://www.gravatar.com/avatar/82158?d=retro&size=80',	0,	'2021-03-30 07:20:33',	NULL,	NULL,	'https://www.youtube.com/watch?v=LEYJ4VsCy7o&ab_channel=Onision',	NULL),
(25,	36,	5,	'Rodriguez Techer S.A.R.L.',	'260, rue de Lefevre',	'Bât. 956',	'Hernandez',	'https://www.gravatar.com/avatar/62219?d=retro&size=80',	0,	'2021-03-30 07:20:33',	NULL,	NULL,	'https://www.youtube.com/watch?v=LEYJ4VsCy7o&ab_channel=Onision',	NULL),
(26,	54,	5,	'Moreno SARL',	'48, avenue Danielle Mathieu',	'Bât. 820',	'Thomas',	'https://www.gravatar.com/avatar/78619?d=retro&size=80',	0,	'2021-03-30 07:20:33',	NULL,	NULL,	'https://www.youtube.com/watch?v=LEYJ4VsCy7o&ab_channel=Onision',	NULL),
(27,	12,	6,	'Lejeune SARL',	'impasse de Guillou',	'Suite 631',	'Leroux-la-Forêt',	'https://www.gravatar.com/avatar/52986?d=retro&size=80',	0,	'2021-03-30 07:20:33',	NULL,	NULL,	'https://www.youtube.com/watch?v=LEYJ4VsCy7o&ab_channel=Onision',	NULL),
(28,	93,	2,	'Rousset SARL',	'9, impasse Besnard',	'Bât. 120',	'Martineauboeuf',	'https://www.gravatar.com/avatar/96674?d=retro&size=80',	0,	'2021-03-30 07:20:33',	NULL,	NULL,	'https://www.youtube.com/watch?v=LEYJ4VsCy7o&ab_channel=Onision',	NULL),
(29,	15,	2,	'Poirier',	'8, boulevard Luc Munoz',	'Suite 534',	'Petit-la-Forêt',	'https://www.gravatar.com/avatar/36281?d=retro&size=80',	0,	'2021-03-30 07:20:33',	NULL,	NULL,	'https://www.youtube.com/watch?v=LEYJ4VsCy7o&ab_channel=Onision',	NULL),
(30,	22,	2,	'Goncalves SAS',	'15, chemin Joseph Moulin',	'Étage 133',	'Antoinenec',	'https://www.gravatar.com/avatar/53840?d=retro&size=80',	0,	'2021-03-30 07:20:33',	NULL,	NULL,	'https://www.youtube.com/watch?v=LEYJ4VsCy7o&ab_channel=Onision',	NULL),
(31,	36,	1,	'testapi',	'zfefzefzef',	'zefzefzefze',	'fzefzefze',	'fzefzefzef.jpg',	0,	'2021-03-31 08:32:57',	NULL,	NULL,	'http://zefzefezfzef',	'zzefzfzefze');

DROP TABLE IF EXISTS `place_category`;
CREATE TABLE `place_category` (
  `id` int NOT NULL AUTO_INCREMENT,
  `name` varchar(64) COLLATE utf8mb4_unicode_ci NOT NULL,
  `pictogram` varchar(20) COLLATE utf8mb4_unicode_ci NOT NULL,
  `created_at` datetime NOT NULL,
  `updated_at` datetime DEFAULT NULL,
  PRIMARY KEY (`id`),
  UNIQUE KEY `UNIQ_2C17FE425E237E06` (`name`)
) ENGINE=InnoDB DEFAULT CHARSET=utf8mb4 COLLATE=utf8mb4_unicode_ci;

INSERT INTO `place_category` (`id`, `name`, `pictogram`, `created_at`, `updated_at`) VALUES
(1,	'Alimentaire',	'alimentaire.svg',	'2021-03-30 07:20:33',	NULL),
(2,	'Seconde main',	'secondeMain.svg',	'2021-03-30 07:20:33',	NULL),
(3,	'Dons',	'don.svg',	'2021-03-30 07:20:33',	NULL),
(4,	'Associations',	'associations.svg',	'2021-03-30 07:20:33',	NULL),
(5,	'Troc',	'troc.svg',	'2021-03-30 07:20:33',	NULL),
(6,	'Autres',	'autres.svg',	'2021-03-30 07:20:33',	NULL);

DROP TABLE IF EXISTS `product`;
CREATE TABLE `product` (
  `id` int NOT NULL AUTO_INCREMENT,
  `name` varchar(128) COLLATE utf8mb4_unicode_ci NOT NULL,
  `content` longtext COLLATE utf8mb4_unicode_ci NOT NULL,
  `price` double unsigned NOT NULL DEFAULT '0',
  `status` smallint unsigned NOT NULL DEFAULT '0',
  `created_at` datetime NOT NULL,
  `updated_at` datetime DEFAULT NULL,
  `brand` varchar(64) COLLATE utf8mb4_unicode_ci NOT NULL,
  PRIMARY KEY (`id`)
) ENGINE=InnoDB DEFAULT CHARSET=utf8mb4 COLLATE=utf8mb4_unicode_ci;

INSERT INTO `product` (`id`, `name`, `content`, `price`, `status`, `created_at`, `updated_at`, `brand`) VALUES
(1,	'SoundsGood System',	'Home Cinéma dernière génération. \r\nSystème 9.1\r\nSubwoofer intégré\r\nAuto-proclamé meilleur son de la galaxie.',	450,	0,	'2021-03-30 07:20:33',	NULL,	'Gredin'),
(2,	'Plati-DJ 3000',	'Platine de luxe pour animer vos soirées confinées et passer vos vinyles favoris sur zoom. \r\nFormats compatibles : \r\n33 tours\r\n45 tours, \r\ncd, \r\ndvd, \r\nK7 audio.',	600,	0,	'2021-03-30 07:20:33',	NULL,	'Platium'),
(3,	'JCD - what watt XP50',	'Casque (stereophonics)\r\nMini-téléphone\r\n3,5mm\r\n4 pôles (nord-sud-est-ouest)\r\nBluetooth.\r\nCasque doté d\'une technologie de rendu HD sans perte d\'adhérence et qui permet une qualité sonore incroyablement claquée.',	80,	0,	'2021-03-30 07:20:33',	NULL,	'fuga'),
(4,	'TV-XtraLarge',	'TV convexe full HD\r\n9 port HDMI \r\n4 ports USB \r\nConnexion 6G',	780,	0,	'2021-03-30 07:20:33',	NULL,	'Samsoul'),
(5,	'Ro-G Full HD',	'Lecteur BlueRay -  DVD.\r\nLecteur cassette vidéo, audio. \r\nRépartir Wifi. \r\nRépondeur, Fax et minitel intégré',	115,	0,	'2021-03-30 07:20:33',	NULL,	'Ro-G'),
(6,	'SA-pix SP2020',	'Projecteur LCD - 4K. \r\nRésolution 4000x2500. \r\nDurée de vie illimité. \r\nInterface vidéo : VGA, HDMI, composite vidéo, PAL secam',	220,	0,	'2021-03-30 07:20:33',	NULL,	'Morris'),
(7,	'Kobak bridgewater K2000',	'Type de capteur optique : CMOS\r\nStabilisateur d\'image : Optique (4 axes hybride VR)\r\nZoom optique : 60x\r\n3\" Ecran LCD\r\nCartes mémoires prises en charge : Carte mémoire SD, Carte mémoire SDXC, Carte mémoire SDHC',	335,	0,	'2021-03-30 07:20:33',	NULL,	'Kobak'),
(8,	'V-lo Drone Pro 600',	'Autonomie : 31 jours\r\nCaméra intégrée : Oui biensur\r\nRésolution de la caméra : Caméra Hasselhof L1K-20V, Vidéos HDR 64 Bits, Qualité d\'image exeptionnelle, Système de transmission vidéo numérique OcuP 2.0\r\nWi-Fi : Non pas la peine\r\nAccessoires inclus : Radiocommande, batterie, chargeur, câble d\'alimentation, hélices (3 paires), 3 câbles RC, protection de nacelle, cale USB 3.0, glissière, joysticks de contrôle de rechange, bouclier en vibranium\r\nSystème de pilotage : Télécommandé',	1560,	0,	'2021-03-30 07:20:33',	NULL,	'V-lo Drone'),
(9,	'Eye Bro 40X - téléscope monoculaire',	'Observez les étoiles entre bro\' !\r\nFonctionnalité - Couleur: Noir. - Matière: plastique. - Taille: 15.5x5x5.5cm - Grossissement: 40 fois - Lentille: 60mm - Transmission de la lumière et luminosité supérieures pour vous aider à voir les choses en basse lumière.',	35,	0,	'2021-03-30 07:20:33',	NULL,	'Eye Brother'),
(10,	'Micro-wave R-772YY',	'Micro-ondes Gril  95 litres - Blanc.',	25,	0,	'2021-03-30 07:20:33',	NULL,	'Shark'),
(11,	'Four OZ444811',	'FOUR ACIER INOXYDABLE OPTIMO Noir, 1380 W, 130L Cuisson pizza pain tartes, gâteaux, pâtisseries, poisson',	30,	0,	'2021-03-30 07:20:33',	NULL,	'Moulinox'),
(12,	'XtraHot plaque de cuisson',	'Plaque de cuisson en céramique intégrée 2 feux, Table de cuisson en acier cristal noir avec commande tactile, Minuterie, verrouillage pour enfants et adulte, 55700w',	25,	0,	'2021-03-30 07:20:33',	NULL,	'Karinar'),
(13,	'Aspirateur 16KC-71EU4',	'Aspirateur Old School sans Sac à Cylindre.',	35,	0,	'2021-03-30 07:20:33',	NULL,	'TwoDays'),
(14,	'Lave-linge 16OZ',	'Lave-linge électronique\r\nSept programmes de lavage \r\nBruitages puissants correspondants \r\nFonctionne avec ou sans eau.',	136,	0,	'2021-03-30 07:20:33',	NULL,	'Klain'),
(15,	'Aspirateur robot Opt2000',	'4 en 1 Aspirateur Robot Laveur avec 4.3L Station d’Auto-Vidage, 360° Navigation Laser avec Cartographie, 3000Pa, Autonomie de 240min, Barrières Virtuelles, Programmation, 2.4Ghz Wi-Fi,Bluetooth\r\n\"',	50,	0,	'2021-03-30 07:20:33',	NULL,	'QuiVol'),
(16,	'Sèche-Cheveux Pro-Aérodynamique',	'Sèche cheveux avec Sac à Cylindre 9980W Ionique Grille Acier, Puissant,  9 Températures',	65,	0,	'2021-03-30 07:20:33',	NULL,	'Remongtin'),
(17,	'ProtectiveClean 99999',	'Brosse à Dents Sonique avec 2 Programmes de Brossage, Contrôle de Pression, Minuterie et Étui de Voyage - Noir',	65,	0,	'2021-03-30 07:20:33',	NULL,	'Gerard'),
(18,	'Barber Top',	'Kit de rasage vintage \"à l\'ancienne\".\r\nAvec blaireau et coupe-choux.\r\nPour un rasage d\'époque !\r\nGaranti 100% coupant',	99,	0,	'2021-03-30 07:20:33',	NULL,	'Chanoinesse'),
(19,	'Tomates fraîches',	'Lot de 10 tomates bien rouge. \r\nOrigine inconnue.\r\nAgriculture raisonnée.\r\nConservation illimitée.',	3,	0,	'2021-03-30 07:20:33',	NULL,	'Monsangro'),
(20,	'Oranges',	'Oranges à jus. \r\nLot de 2.\r\nCultivées sous serre.\r\nBien brain-washer avant de presser.',	2,	0,	'2021-03-30 07:20:33',	NULL,	'L\'Orange Bleue'),
(21,	'Bananes de Clermont-Ferrand',	'Lot de 10 bananes ,origine France.\r\nCultivée dans la célèbre bananeraie du Père Crochu.\r\nElue plus grande banane du siècle par les lecteurs de banane and co.',	4,	0,	'2021-03-30 07:20:33',	NULL,	'Père Crochu'),
(22,	'Jambon cuit - lot de 4',	'Un goût pudique ! Cuisiné dans un bouillon de légumes, puis cuit lentement à l\'étouffée dans son torchon, ce jambon révèle en bouche un goût à la fois subtil et de caractère.',	4,	0,	'2021-03-30 07:20:33',	NULL,	'Père Crochu'),
(23,	'Filets de poulet blanc fermer Label VERT',	'Filets de poulet fermer.',	7,	0,	'2021-03-30 07:20:33',	NULL,	'Père Crochu'),
(24,	'Epaule de cabillaud',	'Epaule de cabillaud - nom latin : Gadus morhua',	5,	0,	'2021-03-30 07:20:33',	NULL,	'Poisson CRUD'),
(25,	'Petits pois mega fondant',	'Avec la gamme précuit Trapu de Gros Grain retrouvez dans votre assiette le goût et les qualités au plus proche du frais à seulement 3 centimètres. Ces légumes ont été cueillis en France, précuits vapeur et surgelés dans la journée.',	3,	0,	'2021-03-30 07:20:33',	NULL,	'Gros Grain'),
(26,	'Céréales OhPopop\'s au maïs soufflé',	'Ces céréales ont tout pour bien commencer la journée : une combinaison de glucides, riches en vitamines du groupe B, D, E, F, O, M & G source de calcium, et riches en fer et plein d\'autres trucs.',	6,	0,	'2021-03-30 07:20:33',	NULL,	'OhPopop\'s'),
(27,	'Farine de blé fluide T45',	'Farine de blé type 45',	2,	0,	'2021-03-30 07:20:33',	NULL,	'La Miche'),
(28,	'Canapé Forest 4 places',	'Type d\'angle : Réversible\r\nMatière : Tissu\r\nDensité de l\'assise : 26 kg/m3\r\nPlus produit : Canapé d\'angle réversible - 4 places - Confortable - design contemporain',	309,	0,	'2021-03-30 07:20:33',	NULL,	'Booba & Gump'),
(29,	'Lot de 4 chaises de salle à Manger',	'Composition du lot : 4 pièces\r\nMatières : Suède\r\nFonction / Usage : S’asseoir\r\nGarnissage : Mousse',	70,	0,	'2021-03-30 07:20:33',	NULL,	'FurniFuture'),
(30,	'Morrako',	'Tapis 160x230\r\nCouleur(s) : Beige\r\nMatières : Polypropylène\r\nStyle de tapis : Ethnique\r\nHauteur de fil : 13\r\nDensité : 3000 gr/m²',	115,	0,	'2021-03-30 07:20:33',	NULL,	'Chic Tapis'),
(31,	'FAMI Lit adulte 140 x 190 cm avec rangements',	'Dimensions du couchage : 140 x 190 cm\r\nStructure : Panneaux solaires\r\nCouleur(s) : Patrick Chêne\r\nNombre et type de rangements : 1 grand tiroir, 2 niches et 2 chevets suspendus\r\n1 garage 1 ascenseur de poche',	230,	0,	'2021-03-30 07:20:33',	NULL,	'FAMI bed'),
(32,	'CELL armoire 2 portes L 170,3 x P 61,2 x H 190,5 cm',	'L 170,3 x P 61,2 x H 190,5 cm',	295,	0,	'2021-03-30 07:20:33',	NULL,	'Möbel Knödel'),
(33,	'Lit enfant BERTA 80x160',	'Lit enfant GRETA 80x160 avec matelas - Livraison gratuite!\r\nLe produit est composé de matières premières certifiées. Impression à l\'encre de Chine, résistantes à l\'eau, sécurisées au maximum. Promis...',	106,	0,	'2021-03-30 07:20:33',	NULL,	'Möbel Knödel'),
(34,	'Kikela - Chaise de Bureau Ordinateur',	'Robuste et durable: le siège de bureau Kikela est fabriqué en maille nylon résistant aux balles et en mousse haute pression contre les incendies.\r\nBase en étoile de mer robuste, roues volantes solides et cylindre à gaz soporifique.\r\nCette chaise de bureau a passé le test Euro84, capable de supporter jusqu\'à 100 000 kg',	80,	0,	'2021-03-30 07:20:33',	NULL,	'Kikela'),
(35,	'Bureau \"ministre\"',	'Bureau grand luxe pour longue session de travail personnel.\r\nVous aurez l\'impression d\'être le ministre de vos pensées.\r\nGaranti 100% idées de génie.\r\nLivraison sans imagination.\r\nNe connait pas la crise.',	75,	0,	'2021-03-30 07:20:33',	NULL,	'Chairman desk'),
(36,	'Lampe Borep',	'Lampe métal myhra comme la rue.',	52,	0,	'2021-03-30 07:20:33',	NULL,	'Chairman desk'),
(37,	'Coolusion - Chemise oversize',	'Chemise par COOLUSION\r\n\r\nUn modèle de notre sélection durable à l\'infini\r\nChemise pour gens cools uniquement \r\nCol du bonhomme\r\nPatte de boutonnage\r\nPoche poitrine\r\nÉpaules tombantes\r\nManches boutonnées\r\nCoupe oversize\r\nCoupe ample et décontractée pour être cool comme Fonzi',	24,	0,	'2021-03-30 07:20:33',	NULL,	'Coolusion'),
(38,	'Robe mi-longue',	'Revers élastiques\r\nCeinture à nouer\r\nCouple classique\r\nTaille normalement',	75,	0,	'2021-03-30 07:20:33',	NULL,	'Ver à soi'),
(39,	'Coolusion - Pull ras de cou',	'Modèle uni\r\nModèle ras de cou\r\nBords côtelés',	41,	0,	'2021-03-30 07:20:33',	NULL,	'Coolusion'),
(40,	'Coolusion - Tennis en toile - blanc',	'Les chaussures plates que méritent vos pieds.\r\nIncroyablement plates, incroyablement blanche.\r\nIncroyablement neuves',	96,	0,	'2021-03-30 07:20:33',	NULL,	'Coolusion'),
(41,	'Coolusion - Baskets chunky - blanc',	'Pareil que des Tennis en toile mais Chunky.\r\nDes chaussures tout aussi incroyablement plates, incroyablement blanche.\r\nIncroyablement neuves.',	96,	0,	'2021-03-30 07:20:33',	NULL,	'Coolusion'),
(42,	'Coolusion - FlipFlap',	'Tongs incroyablement banales mais unisexe.\r\nAlors ça fait la différence.\r\nEn plastique véritable : 100% non recyclé',	125,	0,	'2021-03-30 07:20:33',	NULL,	'Coolusion'),
(43,	'Tote bag en véritable coton',	'Va avec tout\r\nDeux poignées\r\nUn vrai sac !',	7,	0,	'2021-03-30 07:20:33',	NULL,	'Get Bag'),
(44,	'Choupi chaps',	'Chapeau à bord festonné en paille naturelle pour fanfaronner à la plage.',	27,	0,	'2021-03-30 07:20:33',	NULL,	'Chapy & Chapô'),
(45,	'Canne de marche tripode',	'Pour triper comme personne.\r\nMagnifique canne tripode.\r\nHauteur réglable (10 positions).\r\nPoignée col-de-cygne en mousse (composition inconnue).\r\nAppui re-mar-qua-ble\r\nBague \"ninja\" anti-bruit pour se mouvoir à pas de velours.\r\nPoids max utilisateur : 130 kg',	43,	0,	'2021-03-30 07:20:33',	NULL,	'Oliver Kane'),
(46,	'neque',	'Autem minima minima tempora voluptatem et qui molestiae qui ad autem aliquam expedita voluptates explicabo qui officiis voluptate vero deserunt voluptatem sit aliquid.',	97,	0,	'2021-03-30 07:20:33',	NULL,	'repellendus'),
(47,	'ab',	'Dolor labore impedit earum voluptatibus quisquam sunt et nemo optio officiis tempora rem vitae voluptate iure maiores eum quae architecto explicabo.',	39,	0,	'2021-03-30 07:20:33',	NULL,	'qui'),
(48,	'est',	'Nemo doloremque quia qui suscipit recusandae ut eum est explicabo ipsam quibusdam voluptate delectus iure quo dolores et deserunt minus qui.',	29,	0,	'2021-03-30 07:20:33',	NULL,	'cum'),
(49,	'voluptatum',	'Fuga quia nesciunt dolores error omnis facere vel et maxime molestiae et ea sunt quod necessitatibus ipsa ducimus maiores ipsa fugit dolorum totam.',	95,	0,	'2021-03-30 07:20:33',	NULL,	'culpa'),
(50,	'rerum',	'Molestiae sint velit sit voluptas quia magni architecto quia eos neque nisi dolores quibusdam.',	75,	0,	'2021-03-30 07:20:33',	NULL,	'perspiciatis');

DROP TABLE IF EXISTS `product_category`;
CREATE TABLE `product_category` (
  `id` int NOT NULL AUTO_INCREMENT,
  `parent_id` int DEFAULT NULL,
  `name` varchar(64) COLLATE utf8mb4_unicode_ci NOT NULL,
  `pictogram` varchar(20) COLLATE utf8mb4_unicode_ci DEFAULT NULL,
  `created_at` datetime NOT NULL,
  `updated_at` datetime DEFAULT NULL,
  PRIMARY KEY (`id`),
  UNIQUE KEY `UNIQ_CDFC73565E237E06` (`name`),
  KEY `IDX_CDFC7356727ACA70` (`parent_id`),
  CONSTRAINT `FK_CDFC7356727ACA70` FOREIGN KEY (`parent_id`) REFERENCES `product_category` (`id`) ON DELETE CASCADE
) ENGINE=InnoDB DEFAULT CHARSET=utf8mb4 COLLATE=utf8mb4_unicode_ci;

INSERT INTO `product_category` (`id`, `parent_id`, `name`, `pictogram`, `created_at`, `updated_at`) VALUES
(1,	NULL,	'High-Tech',	NULL,	'2021-03-30 07:20:33',	NULL),
(2,	1,	'Hifi',	'hifi.svg',	'2021-03-30 07:20:33',	NULL),
(3,	1,	'Tv/Vidéo',	'tvVideo.svg',	'2021-03-30 07:20:33',	NULL),
(4,	1,	'Photo/Caméra',	'photoCamera.svg',	'2021-03-30 07:20:33',	NULL),
(5,	6,	'Cuisine',	'cuisine.svg',	'2021-03-30 07:20:33',	NULL),
(6,	NULL,	'Electroménager',	NULL,	'2021-03-30 07:20:33',	NULL),
(7,	6,	'Entretien',	'entretien.svg',	'2021-03-30 07:20:33',	NULL),
(8,	6,	'Soin/Beauté',	'soinBeaute.svg',	'2021-03-30 07:20:33',	NULL),
(11,	NULL,	'Alimentaire',	NULL,	'2021-03-30 07:20:33',	NULL),
(16,	NULL,	'Mobilier/Décoration',	NULL,	'2021-03-30 07:20:33',	NULL),
(21,	NULL,	'Habillement',	NULL,	'2021-03-30 07:20:33',	NULL),
(26,	NULL,	'tendance',	'',	'2021-03-30 07:20:33',	NULL),
(27,	11,	'Fruits/Légumes',	'fruitLegumes.svg',	'2021-03-30 15:22:39',	NULL),
(28,	11,	'Viandes/Poissons',	'viandesPoissons.svg',	'2021-03-30 15:22:58',	NULL),
(29,	11,	'Général',	'general.svg',	'2021-03-30 15:23:12',	NULL),
(30,	16,	'Salon',	'salon.svg',	'2021-03-30 15:23:29',	NULL),
(31,	16,	'Chambre',	'chambre.svg',	'2021-03-30 15:23:47',	NULL),
(32,	16,	'Bureau',	'bureau.svg',	'2021-03-30 15:24:05',	NULL),
(33,	21,	'Vêtements',	'vetemetns.svg',	'2021-03-30 15:25:13',	NULL),
(34,	21,	'Chaussure',	'chaussures.svg',	'2021-03-30 15:25:25',	NULL),
(35,	21,	'Accessoires',	'accessoires.svg',	'2021-03-30 15:25:38',	NULL);

DROP TABLE IF EXISTS `product_category_place`;
CREATE TABLE `product_category_place` (
  `product_category_id` int NOT NULL,
  `place_id` int NOT NULL,
  PRIMARY KEY (`product_category_id`,`place_id`),
  KEY `IDX_CF4762A8BE6903FD` (`product_category_id`),
  KEY `IDX_CF4762A8DA6A219` (`place_id`),
  CONSTRAINT `FK_CF4762A8BE6903FD` FOREIGN KEY (`product_category_id`) REFERENCES `product_category` (`id`) ON DELETE CASCADE,
  CONSTRAINT `FK_CF4762A8DA6A219` FOREIGN KEY (`place_id`) REFERENCES `place` (`id`) ON DELETE CASCADE
) ENGINE=InnoDB DEFAULT CHARSET=utf8mb4 COLLATE=utf8mb4_unicode_ci;

INSERT INTO `product_category_place` (`product_category_id`, `place_id`) VALUES
(2,	1),
(2,	2),
(2,	3),
(3,	1),
(3,	23),
(3,	25),
(3,	26),
(3,	29),
(4,	3),
(4,	4),
(4,	6),
(4,	30),
(5,	15),
(5,	31),
(7,	3),
(7,	13),
(7,	20),
(7,	25),
(7,	27),
(8,	5),
(8,	16),
(27,	26),
(27,	28),
(27,	30),
(28,	1),
(28,	2),
(28,	26),
(28,	28),
(29,	28),
(30,	27),
(31,	26),
(32,	25),
(33,	24),
(34,	24),
(35,	24);

DROP TABLE IF EXISTS `product_product_category`;
CREATE TABLE `product_product_category` (
  `product_id` int NOT NULL,
  `product_category_id` int NOT NULL,
  PRIMARY KEY (`product_id`,`product_category_id`),
  KEY `IDX_437017AA4584665A` (`product_id`),
  KEY `IDX_437017AABE6903FD` (`product_category_id`),
  CONSTRAINT `FK_437017AA4584665A` FOREIGN KEY (`product_id`) REFERENCES `product` (`id`) ON DELETE CASCADE,
  CONSTRAINT `FK_437017AABE6903FD` FOREIGN KEY (`product_category_id`) REFERENCES `product_category` (`id`) ON DELETE CASCADE
) ENGINE=InnoDB DEFAULT CHARSET=utf8mb4 COLLATE=utf8mb4_unicode_ci;

INSERT INTO `product_product_category` (`product_id`, `product_category_id`) VALUES
(1,	2),
(1,	26),
(2,	2),
(2,	26),
(3,	2),
(3,	26),
(4,	3),
(4,	26),
(5,	3),
(5,	26),
(6,	3),
(6,	26),
(7,	4),
(7,	26),
(8,	4),
(8,	26),
(9,	4),
(9,	26),
(10,	5),
(11,	5),
(12,	5),
(13,	7),
(14,	7),
(15,	7),
(16,	8),
(17,	8),
(18,	8),
(19,	27),
(20,	27),
(21,	27),
(22,	28),
(23,	28),
(24,	28),
(25,	29),
(26,	29),
(27,	29),
(28,	30),
(29,	30),
(30,	30),
(31,	31),
(32,	31),
(33,	31),
(34,	32),
(35,	32),
(36,	32),
(37,	33),
(38,	33),
(39,	33),
(40,	34),
(41,	34),
(42,	34),
(43,	35),
(44,	35),
(45,	35),
(46,	34),
(47,	7),
(47,	26),
(48,	34),
(49,	8),
(50,	34);

DROP TABLE IF EXISTS `review`;
CREATE TABLE `review` (
  `id` int NOT NULL AUTO_INCREMENT,
  `user_id` int DEFAULT NULL,
  `place_id` int DEFAULT NULL,
  `content` longtext COLLATE utf8mb4_unicode_ci NOT NULL,
  `rate` smallint unsigned NOT NULL DEFAULT '1',
  `status` smallint unsigned NOT NULL DEFAULT '1',
  `created_at` datetime NOT NULL,
  `updated_at` datetime DEFAULT NULL,
  `published_at` datetime DEFAULT NULL,
  PRIMARY KEY (`id`),
  KEY `IDX_794381C6A76ED395` (`user_id`),
  KEY `IDX_794381C6DA6A219` (`place_id`),
  CONSTRAINT `FK_794381C6A76ED395` FOREIGN KEY (`user_id`) REFERENCES `user` (`id`),
  CONSTRAINT `FK_794381C6DA6A219` FOREIGN KEY (`place_id`) REFERENCES `place` (`id`) ON DELETE CASCADE
) ENGINE=InnoDB DEFAULT CHARSET=utf8mb4 COLLATE=utf8mb4_unicode_ci;

INSERT INTO `review` (`id`, `user_id`, `place_id`, `content`, `rate`, `status`, `created_at`, `updated_at`, `published_at`) VALUES
(1,	4,	9,	'Eos saepe impedit rem nostrum officiis ab iusto dolorem neque recusandae libero eos eos cum et accusantium.',	5,	0,	'2021-03-30 07:20:33',	NULL,	NULL),
(2,	9,	25,	'Iste inventore vitae placeat dolor doloribus voluptatem rerum dolor eos eius eaque laboriosam et possimus possimus qui sunt.',	2,	0,	'2021-03-30 07:20:33',	NULL,	NULL),
(3,	7,	7,	'Temporibus eos doloremque ratione ex neque culpa nemo id esse nostrum placeat vero alias modi quaerat occaecati.',	5,	0,	'2021-03-30 07:20:33',	NULL,	NULL),
(4,	5,	19,	'Doloremque consequuntur magnam numquam aut repellat et perspiciatis nesciunt voluptatem aut aut amet vel repellendus quia doloribus error nobis earum adipisci.',	2,	0,	'2021-03-30 07:20:33',	NULL,	NULL),
(5,	1,	26,	'Voluptates ut culpa ut facere adipisci ea non odit sint tenetur et deserunt nisi corrupti eum nisi perspiciatis nihil minus vel quis quia eveniet fugit.',	1,	0,	'2021-03-30 07:20:33',	NULL,	NULL),
(6,	6,	7,	'Nisi esse ipsa debitis ut voluptatem commodi sunt neque quibusdam eos quis suscipit sit velit quidem ea molestiae nostrum alias in minima velit quas sequi distinctio.',	4,	0,	'2021-03-30 07:20:33',	NULL,	NULL),
(7,	1,	30,	'Quia ex amet quo voluptates voluptates sunt alias maxime enim deserunt modi ut mollitia dolorem et maxime optio nesciunt adipisci consequatur et veritatis.',	4,	0,	'2021-03-30 07:20:33',	NULL,	NULL),
(8,	9,	13,	'Nisi dolor commodi in nihil dolorem hic voluptatem maxime ex ut necessitatibus corrupti nostrum ratione incidunt voluptates nisi vero odit eum assumenda laboriosam rerum eum quas ea dolores.',	5,	0,	'2021-03-30 07:20:33',	NULL,	NULL),
(9,	2,	26,	'Voluptas natus ut necessitatibus consequuntur nihil voluptatem doloribus est corrupti accusantium officiis non id quibusdam distinctio.',	4,	0,	'2021-03-30 07:20:33',	NULL,	NULL),
(10,	5,	5,	'Quam eligendi nam assumenda sint inventore nam sint expedita aliquam debitis autem repellendus iste doloremque illum autem dolor voluptas deleniti dolores quibusdam est iure nisi quo neque.',	4,	0,	'2021-03-30 07:20:33',	NULL,	NULL),
(11,	9,	6,	'Nam rem voluptates iure quibusdam blanditiis pariatur est sint velit est soluta quis accusamus esse.',	3,	0,	'2021-03-30 07:20:33',	NULL,	NULL),
(12,	5,	17,	'Cupiditate sed et pariatur necessitatibus mollitia perferendis voluptate itaque non reprehenderit praesentium quo omnis amet aut sunt.',	5,	0,	'2021-03-30 07:20:33',	NULL,	NULL),
(13,	10,	16,	'Quia minima iure et dolor quia porro dolores libero sunt voluptas quisquam expedita vel maxime voluptas ea qui asperiores architecto corporis aut aut.',	3,	0,	'2021-03-30 07:20:33',	NULL,	NULL),
(14,	1,	10,	'Ut saepe voluptatem et ex qui eos ipsa sint consequatur dolor eos ut.',	3,	0,	'2021-03-30 07:20:33',	NULL,	NULL),
(15,	8,	18,	'Voluptas deserunt molestiae laboriosam quis corrupti distinctio blanditiis ut molestias qui accusantium quidem exercitationem aliquid voluptas dolores quis illo odio eaque neque ut.',	2,	0,	'2021-03-30 07:20:33',	NULL,	NULL),
(16,	10,	1,	'Sapiente consectetur id excepturi corrupti molestiae possimus tempora voluptatem enim consequatur dicta saepe.',	4,	0,	'2021-03-30 07:20:33',	NULL,	NULL),
(17,	9,	29,	'Facere perspiciatis fugit magni rem perferendis ut iste eaque adipisci quibusdam ut in et ut consequuntur facilis.',	4,	0,	'2021-03-30 07:20:33',	NULL,	NULL),
(18,	10,	8,	'Dolorem consequatur at magnam ut qui debitis dolorem consequuntur esse repellat maiores reprehenderit veniam doloremque sit eius dolorem minus enim quis dicta veniam laboriosam id impedit quod suscipit.',	4,	0,	'2021-03-30 07:20:33',	NULL,	NULL),
(19,	1,	12,	'Quae maxime ea animi enim minima doloribus optio suscipit qui nostrum et libero veniam.',	3,	0,	'2021-03-30 07:20:33',	NULL,	NULL),
(20,	6,	14,	'Porro nam voluptas in consequatur eligendi dolorem voluptatum minima repellat quasi qui qui vel dignissimos enim ipsam esse itaque autem aut accusantium quasi.',	4,	0,	'2021-03-30 07:20:33',	NULL,	NULL),
(21,	9,	22,	'Illum sit aliquam error consequatur voluptate et eius dolores autem cumque blanditiis iste eveniet rerum qui mollitia nam corporis.',	4,	0,	'2021-03-30 07:20:33',	NULL,	NULL),
(22,	1,	14,	'Tempore cupiditate illo non maiores praesentium fugiat nostrum laudantium quia deserunt culpa quia in eos culpa exercitationem aperiam ut maxime voluptatibus necessitatibus ut.',	5,	0,	'2021-03-30 07:20:33',	NULL,	NULL),
(23,	1,	24,	'Eum quam sit quasi rem at consequatur dignissimos reiciendis aut corporis ea voluptatem voluptatibus inventore minima voluptate eaque officiis qui est placeat aut veniam.',	2,	0,	'2021-03-30 07:20:33',	NULL,	NULL),
(24,	9,	21,	'Error totam voluptatem molestiae cum est voluptate sapiente est saepe rerum sint sed velit similique consequatur quae repudiandae dignissimos error sunt doloribus voluptates maiores in facere corporis labore.',	3,	0,	'2021-03-30 07:20:33',	NULL,	NULL),
(25,	9,	23,	'Sequi mollitia dicta debitis quibusdam omnis rerum voluptates itaque quam eveniet consequatur autem placeat.',	4,	0,	'2021-03-30 07:20:33',	NULL,	NULL),
(26,	6,	1,	'Architecto eius dolores et quas dolor voluptas similique autem sit omnis molestiae animi voluptatem reiciendis corporis autem dolore totam quia.',	2,	0,	'2021-03-30 07:20:33',	NULL,	NULL),
(27,	3,	2,	'Eligendi saepe reprehenderit hic saepe dolores nihil incidunt sunt optio quasi quia sit necessitatibus exercitationem et harum quia occaecati possimus voluptatem blanditiis.',	2,	0,	'2021-03-30 07:20:33',	NULL,	NULL),
(28,	5,	2,	'Deleniti eos deserunt molestiae ut voluptas error sit molestias qui doloremque qui quas explicabo eveniet corrupti.',	5,	0,	'2021-03-30 07:20:33',	NULL,	NULL),
(29,	5,	14,	'Minus impedit quo sequi non modi aut perspiciatis doloremque porro provident sapiente illum accusamus et quae dolores non optio aut pariatur esse ex quisquam.',	1,	0,	'2021-03-30 07:20:33',	NULL,	NULL),
(30,	1,	6,	'Consequatur ut est voluptas fugit excepturi et voluptatibus iure libero est perspiciatis voluptatum saepe minus non nobis ut reiciendis non ea soluta aut qui reprehenderit est.',	1,	0,	'2021-03-30 07:20:33',	NULL,	NULL),
(31,	1,	20,	'Distinctio et qui sint aliquam eaque similique eius aut in fugit omnis sint laboriosam qui unde recusandae dolorum inventore illo ut sapiente qui aspernatur.',	2,	0,	'2021-03-30 07:20:33',	NULL,	NULL),
(32,	4,	6,	'Eos ut et consequatur illo aut beatae animi et sapiente ut culpa sequi in illo voluptatem nemo beatae aut eum blanditiis quasi.',	4,	0,	'2021-03-30 07:20:33',	NULL,	NULL),
(33,	7,	28,	'Beatae omnis aut rerum voluptas voluptatem quod eaque commodi id fugit sequi repellendus dolorum atque.',	2,	0,	'2021-03-30 07:20:33',	NULL,	NULL),
(34,	7,	21,	'Eos id voluptatibus et aspernatur animi voluptatem maxime temporibus harum commodi tempora rem ut.',	5,	0,	'2021-03-30 07:20:33',	NULL,	NULL),
(35,	3,	30,	'Placeat omnis non omnis iure ea est dolor harum est ea dicta ipsum sit ut veniam in quis omnis quo in sequi vel aut.',	2,	0,	'2021-03-30 07:20:33',	NULL,	NULL),
(36,	2,	20,	'Voluptatem et ut soluta perspiciatis laboriosam voluptatem nihil optio odit dolore ab dolor quos qui minus omnis adipisci.',	3,	0,	'2021-03-30 07:20:33',	NULL,	NULL),
(37,	2,	23,	'Provident odit quas dolores est accusantium nisi non porro itaque praesentium possimus voluptate incidunt sed quasi totam nesciunt illo ut corrupti tempore sit.',	2,	0,	'2021-03-30 07:20:33',	NULL,	NULL),
(38,	5,	8,	'Corporis fuga molestiae voluptas at sed ducimus animi est non voluptas ex maiores impedit non soluta maxime.',	2,	0,	'2021-03-30 07:20:33',	NULL,	NULL),
(39,	7,	6,	'Voluptatum maiores labore molestiae illo quas ipsum eaque provident fugit mollitia sequi vel adipisci excepturi corporis doloremque nobis.',	2,	0,	'2021-03-30 07:20:33',	NULL,	NULL),
(40,	3,	26,	'Sint omnis dolores id repudiandae eaque esse vel est enim quis harum sint animi necessitatibus quibusdam deleniti et doloribus et laudantium.',	3,	0,	'2021-03-30 07:20:33',	NULL,	NULL),
(41,	5,	2,	'Blanditiis distinctio temporibus minima voluptas et numquam reprehenderit voluptatem beatae qui quas sunt voluptates sed esse est sit beatae doloremque sit in.',	4,	0,	'2021-03-30 07:20:33',	NULL,	NULL),
(42,	4,	12,	'Sint necessitatibus cupiditate ut dolores neque repellendus harum qui illum ut et cum dolor voluptates aspernatur.',	1,	0,	'2021-03-30 07:20:33',	NULL,	NULL),
(43,	5,	8,	'Qui consectetur delectus necessitatibus voluptas laudantium ex deserunt excepturi aspernatur id et rem et nisi sit cum modi optio eum.',	1,	0,	'2021-03-30 07:20:33',	NULL,	NULL),
(44,	2,	19,	'Hic iste sequi accusamus odio voluptatum quos harum reiciendis delectus sunt molestiae libero ad distinctio saepe debitis consequatur ullam quae placeat impedit omnis et tempora voluptas veritatis ut totam.',	1,	0,	'2021-03-30 07:20:33',	NULL,	NULL),
(45,	7,	6,	'Enim doloremque perspiciatis nulla quidem nam nihil quo vel dignissimos praesentium dolore voluptatem.',	2,	0,	'2021-03-30 07:20:33',	NULL,	NULL),
(46,	9,	18,	'Quibusdam aut aut aspernatur sed mollitia dolores ab odit ullam et provident et optio quis reprehenderit nam autem aliquam pariatur nobis ea ut id et atque autem eum.',	1,	0,	'2021-03-30 07:20:33',	NULL,	NULL),
(47,	9,	15,	'Beatae voluptas quaerat debitis totam aut maiores et qui et amet deserunt rerum nemo expedita architecto commodi.',	4,	0,	'2021-03-30 07:20:33',	NULL,	NULL),
(48,	10,	16,	'Porro cumque qui voluptas aliquam rerum tempora nostrum sequi ullam reiciendis animi exercitationem voluptates soluta.',	1,	0,	'2021-03-30 07:20:33',	NULL,	NULL),
(49,	6,	10,	'Et assumenda ipsum quia sed sit ipsam quia aliquid eum optio ratione minima cumque officia quia unde labore neque deserunt esse pariatur voluptatibus.',	3,	0,	'2021-03-30 07:20:33',	NULL,	NULL),
(50,	7,	3,	'Reiciendis repellendus beatae quas praesentium doloremque aut quo ratione aut perspiciatis accusamus qui a ea inventore enim quidem architecto numquam nulla.',	3,	0,	'2021-03-30 07:20:33',	NULL,	NULL),
(51,	1,	21,	'Explicabo illum sed ab velit voluptatem eaque expedita mollitia consequatur omnis est fuga harum adipisci et autem qui.',	2,	0,	'2021-03-30 07:20:33',	NULL,	NULL),
(52,	3,	14,	'Sit sed dignissimos porro minima velit sit odit aliquam corporis asperiores officia error.',	1,	0,	'2021-03-30 07:20:33',	NULL,	NULL),
(53,	5,	21,	'Et consequuntur culpa repudiandae similique veritatis nesciunt architecto magnam ut eligendi dicta eum mollitia ut magni laborum omnis placeat rerum deserunt quaerat et id ut omnis officia.',	1,	0,	'2021-03-30 07:20:33',	NULL,	NULL),
(54,	8,	15,	'Doloremque sit assumenda eaque quisquam doloremque corporis reprehenderit omnis aut est voluptate est natus animi.',	5,	0,	'2021-03-30 07:20:33',	NULL,	NULL),
(55,	2,	19,	'Consequatur hic sunt aliquid totam mollitia et quisquam magni quo harum blanditiis velit eos.',	3,	0,	'2021-03-30 07:20:33',	NULL,	NULL),
(56,	6,	30,	'Corporis ducimus distinctio voluptatum ullam in et voluptas sunt illo velit ut voluptatibus tenetur.',	5,	0,	'2021-03-30 07:20:33',	NULL,	NULL),
(57,	7,	28,	'In delectus veritatis sint aliquid id dolores cumque temporibus consequatur aut enim quia nemo eum earum repellat deleniti dolor ut nihil explicabo labore aut vel aliquid officiis.',	4,	0,	'2021-03-30 07:20:33',	NULL,	NULL),
(58,	8,	12,	'Qui excepturi iure error eveniet voluptas quia sint id et magni commodi officia ea reprehenderit quae repellendus aliquid iste iste ex tempora mollitia vel eligendi est.',	4,	0,	'2021-03-30 07:20:33',	NULL,	NULL),
(59,	10,	13,	'Culpa dolorem laborum ab et nulla rem qui iure consequatur non veritatis qui enim sed unde blanditiis rerum ducimus deserunt nihil qui cumque eligendi enim rem dolore.',	3,	0,	'2021-03-30 07:20:33',	NULL,	NULL),
(60,	1,	20,	'Quia dolorem illo enim quam fugit quisquam distinctio alias saepe ducimus et a commodi maiores sapiente ullam aut.',	5,	0,	'2021-03-30 07:20:33',	NULL,	NULL);

DROP TABLE IF EXISTS `user`;
CREATE TABLE `user` (
  `id` int NOT NULL AUTO_INCREMENT,
  `email` varchar(180) COLLATE utf8mb4_unicode_ci NOT NULL,
  `roles` longtext COLLATE utf8mb4_unicode_ci NOT NULL COMMENT '(DC2Type:json)',
  `password` varchar(255) COLLATE utf8mb4_unicode_ci NOT NULL,
  `nickname` varchar(64) COLLATE utf8mb4_unicode_ci NOT NULL,
  `status` smallint unsigned NOT NULL DEFAULT '0',
  `created_at` datetime NOT NULL,
  `updated_at` datetime DEFAULT NULL,
  PRIMARY KEY (`id`),
  UNIQUE KEY `UNIQ_8D93D649E7927C74` (`email`)
) ENGINE=InnoDB DEFAULT CHARSET=utf8mb4 COLLATE=utf8mb4_unicode_ci;

INSERT INTO `user` (`id`, `email`, `roles`, `password`, `nickname`, `status`, `created_at`, `updated_at`) VALUES
(1,	'lecomte.sabine@guillot.fr',	'[\"ROLE_USER\"]',	'$argon2id$v=19$m=65536,t=4,p=1$miH4zPK8fZd/hzNENcMqxQ$LacX6vg5l90g3ldgXIX0D886sx+B9K1Zfea4uVLVgxk',	'Adrien',	0,	'2021-03-30 07:20:31',	NULL),
(2,	'lemaire.adrien@laposte.net',	'[\"ROLE_USER\"]',	'$argon2id$v=19$m=65536,t=4,p=1$yBVLy0j6iXKKr8kRVJmR9Q$dgHsbpsDVPLTFqA3ZQYdSUdLQqekpWEdhy92U9WNw7Y',	'Maggie',	0,	'2021-03-30 07:20:31',	NULL),
(3,	'xlecoq@live.com',	'[\"ROLE_USER\"]',	'$argon2id$v=19$m=65536,t=4,p=1$as4Msd9ixUeaTy4gI0yMsw$KKWiMVh6off0UOdx5uMUtrsRUvFfRg+DPDycjsdvZx0',	'Daniel',	0,	'2021-03-30 07:20:31',	NULL),
(4,	'bailly.susan@orange.fr',	'[\"ROLE_USER\"]',	'$argon2id$v=19$m=65536,t=4,p=1$cd6pXfpuKOFoNfPKvfWbSA$29qJyUvvpud7Ie82Td2PmcFhtE7FaRMQ5VGIkpzXpVI',	'Maryse',	0,	'2021-03-30 07:20:31',	NULL),
(5,	'danielle.pons@orange.fr',	'[\"ROLE_USER\"]',	'$argon2id$v=19$m=65536,t=4,p=1$RMkVj7KINLOxNL0EOLWRhA$ykInPe5z9fKekMl3t2hSc5l5HwAWT4iDCM9gjak5ptg',	'René',	0,	'2021-03-30 07:20:32',	NULL),
(6,	'nicolas.hebert@bouygtel.fr',	'[\"ROLE_USER\"]',	'$argon2id$v=19$m=65536,t=4,p=1$j6xOEZ50706h/mdIXiO7bA$ms9LgbxAMDstA7GEu3y7w7SEI2GV4NQttLO3FXCG8ac',	'William',	0,	'2021-03-30 07:20:32',	NULL),
(7,	'tpasquier@bouygtel.fr',	'[\"ROLE_USER\"]',	'$argon2id$v=19$m=65536,t=4,p=1$aqPOrJmw71fKiXZ3l4NkCA$LAR2BF2Ird+LO6ntMAi1Egkexf210q/7RubC/STsRBs',	'Charles',	0,	'2021-03-30 07:20:32',	NULL),
(8,	'alexandria31@live.com',	'[\"ROLE_USER\"]',	'$argon2id$v=19$m=65536,t=4,p=1$KsJWMfdg2ITp0Q1f7aoYsg$pt8OrxbHw7zcZSiXi2nKVBzs+OxYrmBfKEDH70cjQcQ',	'Dorothée',	0,	'2021-03-30 07:20:32',	NULL),
(9,	'pasquier.helene@cousin.org',	'[\"ROLE_USER\"]',	'$argon2id$v=19$m=65536,t=4,p=1$80nymcp/mU2U/6Ukg7XvzA$poIhKhfpFHCAnoIUuhASQmtAJJ2UEeXtOxCyUakMpiI',	'Frédérique',	0,	'2021-03-30 07:20:32',	NULL),
(10,	'roland.jacques@noos.fr',	'[\"ROLE_USER\"]',	'$argon2id$v=19$m=65536,t=4,p=1$J7a7kz2h7Byu8rBaMGtidA$xrR34WtrGRKGivAU4UyzqZQUcegALuoesQAJ8S/HgPM',	'Rémy',	0,	'2021-03-30 07:20:32',	NULL),
(11,	'manager@manager.com',	'[\"ROLE_MANAGER\"]',	'$argon2id$v=19$m=65536,t=4,p=1$vRypAu9WOQ6z0rLtIkX+Dw$HhSOdQqBewalVcm7EhlUj+GMbA14X37oFlBH7stJfeA',	'manager',	0,	'2021-03-30 07:20:32',	NULL),
(12,	'admin@admin.com',	'[\"ROLE_ADMIN\"]',	'$argon2id$v=19$m=65536,t=4,p=1$oGFpSaIEuwoBLOmS2/d8fQ$+TjOqPcs0PmkBCob8eBzmujug4whO/tr9UDjYtBwKC8',	'admin',	0,	'2021-03-30 07:20:33',	NULL);

-- 2021-04-02 09:16:31